"Post ID,""Account ID"",""Account username"",""Account name"",Description,""Duration (sec)"",""Publish time"",Permalink,""Post type"",""Data comment"",Date,Views,Reach,Likes,Shares,Follows,Comments,Saves"
"18160563013405972,17841463586376007,vintagerest.bg,""Vintage Restaurant"",""✨ Равносметка в последния ден на годината ✨"

Преди една година ресторант Vintage беше просто една „недостижима“ мечта. Днес, благодарение на усилията на целия екип и вашата невероятна подкрепа, ние сме тук и продължаваме напред! 🍷

Благодарим на всеки един клиент за доверието. Вие сте причината да се стараем всеки ден и да създаваме не просто храна, а емоция. Обещаваме да продължим със същата страст и през новата година!

Пожелаваме на всички здраве, щастие и много успехи през 2026 г.! 🎆🥂

"#Винтидж #Vintage #НоваГодина #Честита2026 #Благодарност Мечти Ресторант Празник"",55,""12/31/2025 08:24"",https://www.instagram.com/reel/DS7zYdbioBc/,""IG reel"",,Lifetime,1085,762,47,1,0,1,1"
"18031208150569748,17841463586376007,vintagerest.bg,""Vintage Restaurant"",""POV: Броиш дните до 05.01, защото само в #RestaurantVintage знаеш как да разпуснеш истински... 😅🥩"

Не чупете нищо у дома – изчакайте още няколко дни и елате да изхабите енергията си над едно вкусно меню! 🥂

📌 ОТВАРЯМЕ НА 05.01! 📍 Плевен, ул. „Ангел Кънчев“ 25 📞 Резервации: 087 705 5070

"#VintagePleven #плевен #NewYearNewEnergy #Pleven"",9,""12/30/2025 09:56"",https://www.instagram.com/reel/DS5ZIWnjR4N/,""IG reel"",,Lifetime,25992,17483,321,120,4,1,16"
"17925121428191441,17841463586376007,vintagerest.bg,""Vintage Restaurant"",""Науката си е наука, кой сме ние да спорим с нея? 🤷‍♂️📈"

Доверете се на експертите във Vintage! 😉

"#VintageRestaurant #ScienceFacts #Tipping #сервитьори #ресторант humor fyp"",5,""12/29/2025 09:40"",https://www.instagram.com/reel/DS2yjdkit02/,""IG reel"",,Lifetime,854,523,9,0,0,0,0"
"18077745755258402,17841463586376007,vintagerest.bg,""Vintage Restaurant"",""Тишината понякога казва повече от 1000 думи. В случая казва: „Бягай, докато можеш!“ 😂"

"Екипът на Vintage ви пожелава успешна седмица и дано вашите шефове са по-често в „Bestie mode“! 😉🥂 #VintageRestaurant #Humor #FunAtWork #BossLife #Situation"",7,""12/28/2025 09:30"",https://www.instagram.com/reel/DS0MjCNDYKO/,""IG reel"",,Lifetime,3284,2357,43,11,0,0,4"
"17883433911425366,17841463586376007,vintagerest.bg,""Vintage Restaurant"",""Класика в жанра! 🎬"

Можеш да изчистиш целия ресторант, да пренесеш 100 каси и да обслужиш всички маси... но Управителят ще влезе точно в секундата, в която си седнал за малко. 🤷‍♂️😅

"Познато ли ви е това чувство? #VintageLife #РесторантVintage #труденживот #работа #хумор"",13,""12/27/2025 09:58"",https://www.instagram.com/reel/DSxrBdYAGVA/,""IG reel"",,Lifetime,5961,4061,81,24,0,0,7"
"18096568957712389,17841463586376007,vintagerest.bg,""Vintage Restaurant"",""Когато шефът каже „Мислете с главите си“, а ние го приемем твърде лично... 🧹🤯"

Екипът на Vintage винаги намира начин да свърши работата! Заповядайте при нас за добро настроение и вкусна храна. 👇

"#RestaurantLife #WorkHumor #Pleven #vintagerestaurant"",12,""12/26/2025 10:08"",https://www.instagram.com/reel/DSvHV5JAJon/,""IG reel"",,Lifetime,1031,571,25,6,0,0,1"
"18089514046953922,17841463586376007,vintagerest.bg,""Vintage Restaurant"",""Коледните """"бонуси"""" във Vintage са незабравими! 😂"

🧼 Добре, че приемаме всичко с усмивка.

Весела Коледа, приятели! 
Бъдете здрави и щастливи! 🎄🎁

"#Vintage #ВеселаКоледа #Смях #Празници"",9,""12/25/2025 08:58"",https://www.instagram.com/reel/DSsaf4IivNE/,""IG reel"",,Lifetime,829,424,15,1,0,0,0"
"18078371669186584,17841463586376007,vintagerest.bg,""Vintage Restaurant"",""Във Vintage винаги е напечено, но по хубавия начин! 🔥"

Докато екипът търси шефа за спешни въпроси, той е зает с най-важната задача – да създаде топ контент за вас! 🎬😅

​Елате да видите дали е толкова добър и в кухнята, колкото пред камерата! 😉

"​#VintageRestaurant #BehindTheScenes #ContentCreator #Забавление #Вкусно"",6,""12/24/2025 09:31"",https://www.instagram.com/reel/DSp5isBja2i/,""IG reel"",,Lifetime,1084,538,19,2,1,0,0"
"18075036674581659,17841463586376007,vintagerest.bg,""Vintage Restaurant"",""Посрещнете 2026 г. във Vintage!"

Остават последни записвания за нашата празнична вечер! Очакват ви:

🍽️ Празнично гурме меню (Пилешко с чедър или Поркета с бял трюфел)

🥧 Традиционна баница и питка с късмети

🎙️ DJ и водещ на програмата за максимално настроение

🍷 Ракия, мезета и сладки изкушения

‼️ Местата са ограничени! Потвърдете своята резервация още днес.

"📞 Телефон за връзка: 0️⃣8️⃣7️⃣7️⃣0️⃣5️⃣5️⃣0️⃣7️⃣0️⃣"",0,""12/24/2025 06:06"",https://www.instagram.com/p/DSpiIoBium_/,""IG image"",,Lifetime,404,161,5,0,0,0,0"
"17868901626505537,17841463586376007,vintagerest.bg,""Vintage Restaurant"",""Едно последно сервиране... на време. 🕰️✨"

Днес не вдигаме сребърния капак, за да ви сервираме специалитет от кухнята. Днес ви сервираме една истина.

Тази година беше магия. Вие превърнахте масите ни в място за срещи, а ресторанта – в дом. Чухме хиляди пъти звъна на чашите и видяхме безброй усмивки. Но за да продължи магията да гори силно, огънят има нужда да притихне за малко.

⏳ Спираме стрелките на часовника.

От 24.12 до 04.01 включително, екипът на Ресторант Винтидж сваля престилките, за да седне на собствените си трапези. Време е ние да бъдем гости, да прегърнем децата си и да забравим колко е часът. Точно както вие правите при нас.

Ще ви очакваме отново на 6-ти януари! Отпочинали. Вдъхновени. И готови да ви посрещнем с още повече топлина.

Благодарим ви, че сте част от нашата история. Весели и споделени празници! ❤️

.
.
.
. 
.
"#РесторантВинтидж #ВинтиджПлевен #ВеселиПразници #СемеенУют #ВремеЗаСемейство PlevenFood ChristmasBreak HolidaySeason NewYear2026 VintageMoments"",0,""12/23/2025 09:59"",https://www.instagram.com/p/DSnX7C5gCIp/,""IG carousel"",,Lifetime,467,124,8,0,0,0,0"
"18088471124511123,17841463586376007,vintagerest.bg,""Vintage Restaurant"",""Обедно меню във Vintage – Вкус, който те връща обратно!"

Гладен ли си? Ние имаме точно това, от което се нуждаеш! В ресторант Vintage те очаква специално подбрано обедно меню, приготвено с любов и свежи продукти.

✨ Всеки ден нови вкусни предложения:
✅ Топли и ароматни супи
✅ Изкушаващи основни ястия
✅ Свежи салати

⏰ Очакваме те от 10:00 до 15:00 ч.
📍 Адрес: ул. Ангел Кънчев 25 гр.Плевен
🚗 Безплатна доставка на телефон:
"0️⃣8️⃣7️⃣7️⃣0️⃣5️⃣5️⃣0️⃣7️⃣0️⃣"",0,""12/23/2025 00:21"",https://www.instagram.com/p/DSmVxpIjceI/,""IG carousel"",,Lifetime,326,104,2,0,1,0,0"
"18103824736664499,17841463586376007,vintagerest.bg,""Vintage Restaurant"",""В Restaurant Vintage екипът ни е като семейство... докато мениджърът не види, че някой стои със скръстени ръце! 😂🧹"

Макар и да обичаме шегите, когато стане въпрос за вашата храна и преживяване, сме максимално сериозни. Заповядайте при нас, за да се насладите на уютна атмосфера, където традицията среща съвремието.

✨ Защо да ни посетите днес? 🍱 Вкусно обедно меню 🍷 Богата селекция от напитки ❤️ Усмихнат (и понякога строг) екип

📍 ул. „Ангел Кънчев“ 25, гр. Плевен 📞 Резервации: 087 705 5070 ⏰ Отворени сме всеки ден: 10:00 - 23:00

"#RestaurantVintage #Pleven #RestaurantHumor #WorkLife #Плевен Ресторант VintageVibe Bulgaria"",7,""12/22/2025 09:17"",https://www.instagram.com/reel/DSkuTi9CnX3/,""IG reel"",,Lifetime,952,457,20,0,0,0,0"
"18158806219408109,17841463586376007,vintagerest.bg,""Vintage Restaurant"",""Понякога думите са излишни. ✨"
Това е Vintage стандартът – отношение, което се усеща, и вкус, който се помни.

Ние не просто сервираме храна, ние създаваме моментите, които ти липсват през седмицата. Ела и го преживей.

📞 Запази своето място: 087 705 5070
💻 Меню и поръчки: vintagerest.bg

"#VintagePleven #Moments #GoodVibes #Плевен #Ресторант Емоция VibeCheck"",5,""12/21/2025 10:38"",https://www.instagram.com/reel/DSiSyKEgFWK/,""IG reel"",,Lifetime,3380,2225,72,12,3,0,2"
"17920670262208311,17841463586376007,vintagerest.bg,""Vintage Restaurant"",""Професионализмът е наш приоритет... е, почти винаги! 😜 Вижте как премина „интервюто“ за новия ни испански готвач."

Заповядайте в Ресторант Vintage, където добрата храна и доброто настроение вървят ръка за ръка! 🍷✨

✨ Защо да ни посетите?

📍 Център на Плевен, ул. „Ангел Кънчев“ 25

🕒 Отворени сме всеки ден: 10:00 - 23:00

📞 Телефон за резервации: 087 705 5070

Очакваме ви 7 дни в седмицата! 🥘

"#VintagePleven #RestaurantLife #ChefHumor #PlevenCity #VisitPleven InstagramBulgaria ВинтиджПлевен"",19,""12/20/2025 10:22"",https://www.instagram.com/reel/DSfsIQ3gG6n/,""IG reel"",,Lifetime,1182,685,19,5,0,0,0"
"18085140065092472,17841463586376007,vintagerest.bg,""Vintage Restaurant"",""Когато шефът каже """"Искам пълна зала"""", ние не задаваме въпроси... ние действаме! 😅🏃‍♂️ Вижте как се прави купон (малко насила, но пък от сърце). Елате доброволно, за да не пращаме """"специалния отряд"""" да ви търси! 👇"

"📍 ул. """"Ангел Кънчев"""" 25 📞 087 705 5070 . . #plevenlife #funnymoments #restaurantvintage #partytime #bulgariatiktok смях заведенияплевен vintagepleven viralreels"",38,""12/19/2025 09:49"",https://www.instagram.com/reel/DSdDoyujWVR/,""IG reel"",,Lifetime,3129,1998,58,5,1,1,0"
"18099377681506014,17841463586376007,vintagerest.bg,""Vintage Restaurant"",""Някои престъпления просто не могат да бъдат подминати! 🚔✋ В Vintage правилата са прости: хващаш здраво и хапваш! Тагнете приятел, който има нужда от такова """"обучение""""! 😂👇"

"#VintageRules #Бургер #БезНожИВилица #Забавно #Плевен #RestaurantLife #BurgerEtiquette"",0,""12/18/2025 09:02"",https://www.instagram.com/reel/DSaZbj2jUfo/,""IG reel"",,Lifetime,4127,2113,64,3,0,2,2"
"18088428029055503,17841463586376007,vintagerest.bg,""Vintage Restaurant"",""Във Vintage Restaurant хуморът е винаги """"на ниво"""", но спокойно – реално работим до 23:00 ч. (всеки ден)! 😂 Заповядайте да се насладите на вкусна храна и свежи напитки... преди да сме започнали да броим! 😉"

"📍 ул. """"Ангел Кънчев"""" 25 📞 087 705 5070"

"#VintageRestaurant #Pleven #FunnyReels #Jokes #Ресторант #Настроение #ПлевенЦентър"",6,""12/17/2025 09:02"",https://www.instagram.com/reel/DSX0moADehB/,""IG reel"",,Lifetime,1815,967,32,6,0,0,0"
"17883449109424345,17841463586376007,vintagerest.bg,""Vintage Restaurant"",""Ние не просто сервираме храна, ние предлагаме решения! (Понякога твърде буквални решения...) 🤲😅"
​Ако търсите място в Плевен, където усмивката е част от менюто, а обслужването е винаги лично – Vintage е вашият избор. Заповядайте за обяд или вечеря, чакаме ви с настроение!
​Резервации и истински опаковки за вкъщи на:
📞 087 705 5070
🌐 vintagerest.bg
"​#VintageVibes #PlevenRestaurants #GoodFood #Fun #Service #Обяд"",5,""12/16/2025 09:54"",https://www.instagram.com/reel/DSVV1S2gN83/,""IG reel"",,Lifetime,11862,5963,94,38,0,3,3"
"17971145330972980,17841463586376007,vintagerest.bg,""Vintage Restaurant"",""Има места, през които просто минаваш, и места, където оставаш. ✨ В Vintage Restaurant създаваме моменти – от сутрешното кафе до перфектната вечеря с приятели. Атмосфера, стил и вкус, които няма да сбъркаш."

Твоята маса те очаква в центъра на Плевен! 🥂

📍 ул. „Ангел Кънчев“ 25 📞 Резервирай на: 087 705 5070 🌐 vintagerest.bg

"#VintagePleven #PlevenCenter #GoodFoodGoodMood #РесторантПлевен #ВремеЗаВечеря"",0,""12/15/2025 09:44"",https://www.instagram.com/reel/DSSv5KPgPb9/,""IG reel"",,Lifetime,4902,3666,60,14,1,0,1"
"17847073197605972,17841463586376007,vintagerest.bg,""Vintage Restaurant"",""Не сме просто служители, ние сме част от интериора (и най-вече фенове)! 💁‍♀️✨"

В Vintage Restaurant приемаме всичко с усмивка и чувство за хумор. Заповядайте при нас за доза добро настроение, вкусни напитки и професионално обслужване (от хора, които наистина работят тук, обещаваме!). 🥂

Отворени сме всеки ден от седмицата! 🕙 10:00 - 23:00 📞 087 705 5070 📍 Плевен Център

"#VintageRestaurant #Pleven #GoodVibes #Humor #РесторантПлевен #Коктейли #FunAtWork"",0,""12/14/2025 10:01"",https://www.instagram.com/reel/DSQNCzDgOY6/,""IG reel"",,Lifetime,10699,6229,95,33,2,0,5"
"18095669617890822,17841463586376007,vintagerest.bg,""Vintage Restaurant"",""Търсите място за вечеря в Плевен? 🤔 В Restaurant Vintage ви очакваме с отворени врати 7 дни в седмицата!"

"✅ Уютна обстановка ✅ Вкусна храна ✅ Персонал, който """"нищо не е видял, нищо не е чул"""" (стига да си платите сметката 😉)."

"Не чакайте да ви """"хване"""" напрежението като във видеото – запазете си маса още сега!"

"🕒 Отворени: 10:00 - 23:00 (Понеделник - Неделя) 📞 Телефон: 087 705 5070 📍 Адрес: ул. """"Ангел Кънчев"""" 25"

"#RestaurantVintage #Pleven #WeekendVibes #Забавно #Ресторант #ВкуснаХрана"",14,""12/13/2025 09:36"",https://www.instagram.com/reel/DSNlX3DjSEB/,""IG reel"",,Lifetime,374253,201540,2261,748,130,8,161"
"18107181364630701,17841463586376007,vintagerest.bg,""Vintage Restaurant"",""Брънч във „Винтидж“"
"Вкусни класики с модерен почерк, приготвени с внимание към детайла. Яйца, свежи предложения и ароматно кафе – идеалното начало на деня в уютна атмосфера."",0,""12/13/2025 00:28"",https://www.instagram.com/p/DSMmsqZjZc4/,""IG image"",,Lifetime,493,143,2,2,0,0,0"
"18077997311187377,17841463586376007,vintagerest.bg,""Vintage Restaurant"",""Вечната дилема, която може да продължи цяла вечност: Ризото или... ДЪРПАНО ТЕЛЕШКО? 🥩 Нашият герой влезе в точния момент, за да спаси ситуацията. Понякога просто трябва да се довериш на инстинкта, или на сервитьора, който вижда истината в очите ти! 😉"

Ела да опиташ нашия специалитет, който не оставя място за колебание!

📍 Адрес: ул. 'Ангел Кънчев' 25, Плевен (Pleven Center) 📞 Резервации: 087 705 5070 ⏰ Работим: Понеделник - Неделя (10:00 - 23:00)

"#VintageRestaurant #Плевен #ДърпаноТелешко #FoodieBG #InstaFood #Дилема #ЗаведениеПлевен"",0,""12/12/2025 09:29"",https://www.instagram.com/reel/DSK_uRfjfHZ/,""IG reel"",,Lifetime,901,569,7,0,0,0,0"
"18099052096841117,17841463586376007,vintagerest.bg,""Vintage Restaurant"",""Когато сметката дойде и """"братството"""" е под въпрос... 😂🧼"

Спокойно, в Restaurant Vintage не караме клиентите да мият чинии (освен ако сами не настояват)! При нас идвате за вкусната храна и яката атмосфера, а кой ще плаща – ще се разберете на масата (или с ези-тура). 😉

"Заповядайте да тествате менюто ни (и приятелите си): 📍 Локация: гр. Плевен, ул. """"Ангел Кънчев"""" 25 (Център) 📞 За резервации: 087 705 5070 ⏰ Работим: Всеки ден от 10:00 до 23:00"

"#RestaurantVintage #Pleven #Плевен #FoodLover #FunnyVideo #Ресторант #GoodVibes #Humor #Смях #LunchTime"",14,""12/11/2025 09:03"",https://www.instagram.com/reel/DSIYCgPiicZ/,""IG reel"",,Lifetime,1977,1227,25,2,1,0,0"
"18076558289214360,17841463586376007,vintagerest.bg,""Vintage Restaurant"",""Урок по италиански с Шеф Орлин: Какво всъщност означава „Ризото Пескаторе“? 🤔🍤"

Спойлер: Означава, че ще забравите как се казвате от удоволствие! Не вярвайте на преводача, повярвайте на небцето си.

Очакваме ви за обяд или вечеря – магията е гарантирана! ✨

"📞 Резервации: 087 705 5070 📍 Адрес: гр. Плевен, ул. """"Ангел Кънчев"""" 25 ⏰ Работно време: Всеки ден от 10:00 до 23:00"

"#RestaurantVintage #PlevenFood #ItalianCuisine #FoodLovers #MagicInAPlate #Плевен"",22,""12/10/2025 09:43"",https://www.instagram.com/reel/DSF3yoHgISo/,""IG reel"",,Lifetime,1187,724,17,0,0,0,0"
"18026279819777729,17841463586376007,vintagerest.bg,""Vintage Restaurant"",""⚠️ Внимание: Това видео съдържа кадри на опасно вкусно ризото!"

"Всички познаваме този момент: """"Аз не искам нищо, само ще опитам от твоето"""". И 5 минути по-късно чинията е празна. 😂 В ресторант Vintage знаем тайната на добрата храна – тя просто те кара да забравиш за обноските!"

"Нашето Ризото """"Пескаторе"""" е точно такова – пристрастяващо от първата хапка. Не вярвате? Елате и се убедете сами (но ви съветваме да си носите лигавник 😉)."

🍤 Запазете маса за вечеря още сега: 🌐 vintagerest.bg 📞 087 705 5070

"#VintageRestaurant #FoodHumor #Risotto #DinnerTime #DeliciousFood #Pleven #ЗаведенияПлевен #Вкусно"",19,""12/09/2025 09:05"",https://www.instagram.com/reel/DSDOoIlDZLg/,""IG reel"",,Lifetime,2310,1499,37,1,1,0,0"
"18303410830254289,17841463586376007,vintagerest.bg,""Vintage Restaurant"",""🍲 Открий любимото си ястие в """"Ресторант Винтидж""""! "

Понякога най-добрите неща в живота са прости – като чиния перфектно приготвено ястие, споделено с добри приятели. 

В този клип ви представяме едно от нашите предложения, което ще ви накара да се усмихнете. Разгледайте богатото ни меню, където ще откриете както класически, така и модерни кулинарни изкушения! 

📅 Работно време: Понеделник - Неделя, 10:00 - 23:00. Очакваме ви! 

Споделете този пост, за да покажете на приятелите си къде да опитат най-добрата храна в Плевен!

За резервации и контакт: 

🌐 vintagerest.bg 
📞 087 705 5070 
"📍 ул. """"Ангел Кънчев"""" 25, Плевен "

"#Ресторант #Плевен #Кулинария #ОбядИВечеря #ВкусноВпЛеВеН"",8,""12/08/2025 10:16"",https://www.instagram.com/reel/DSAx11EAOPq/,""IG reel"",,Lifetime,778,559,6,0,1,0,0"
"18072843170042083,17841463586376007,vintagerest.bg,""Vintage Restaurant"",""Класиката никога не излиза от мода. 🕰️🍷"

В Vintage вярваме, че обядът или вечерята не са просто хранене, а ритуал. Моментът, в който спираш да бързаш и започваш да се наслаждаваш.

Ела ни на гости и усети разликата.

"📍 Плевен, ул. """"Ангел Кънчев"""" 25 📞 087 705 5070"

"#VintagePleven #RestaurantVintage #PlevenFood #GoodVibes #ClassicTaste #Winetasting #Плевен #Ресторант #Уют"",0,""12/07/2025 10:40"",https://www.instagram.com/p/DR-P-pNAIWy/,""IG carousel"",,Lifetime,564,137,7,0,0,1,0"
"17897893947357746,17841463586376007,vintagerest.bg,""Vintage Restaurant"",""Елегантността не крещи. Тя се усеща във всяка хапка. ✨"

Vintage е повече от ресторант. Ние сме вашето доказателство, че най-добрите моменти не са случайност. Те са създадени.

Ние създаваме: 🍷 Атмосфера, която помните. 🥇 Стандарт, който заслужавате.

(Плъзнете, за да видите новата дефиниция на класа ➡️)

"#VintagePleven #QuietLuxury #BrandAwareness #Pleven #LuxuryLifestyle #Уют #стандарт"",0,""12/06/2025 11:08"",https://www.instagram.com/p/DR7uTbiADYk/,""IG carousel"",,Lifetime,394,82,4,0,0,0,0"
"17987522540912075,17841463586376007,vintagerest.bg,""Vintage Restaurant"",""Елегантността не крещи. Тя се усеща във всяка хапка. ✨🥩"

(Плъзнете настрани ➡️)

Има места, където храната е просто храна. И има места като Vintage, където вечерята е преживяване.

Днес ви представяме класиката в най-добрата ѝ форма: 🔥 Месо, приготвено на истински огън. 🥔 Златисти картофки с ароматни подправки. 🍷 Атмосфера, която кара времето да спре.

Не е нужно да чакате повод, за да се поглезите.

📲 Запази маса: 087 705 5070 📍 Плевен

"#VintagePleven #QuietLuxury #GrillMaster #FoodPhotography #DinnerInPleven #Ресторант #Уют"",0,""12/05/2025 09:57"",https://www.instagram.com/p/DR5BcxsDQ90/,""IG carousel"",,Lifetime,438,99,4,0,0,0,0"
"18051917783660146,17841463586376007,vintagerest.bg,""Vintage Restaurant"",""Рецепта за справяне със студа: Вино, Уют и Vintage. ❄️🍷"

"Навън може да е минус градуси, но при нас атмосферата винаги е """"златна"""". ✨ Създадохме това място, за да бъде вашето бягство от сивото ежедневие и студените вечери."

🥩 На последната снимка: Нашите легендарни ребърца, които вървят идеално с плътно червено вино.

👇 Тагнете човека, който има нужда от точно такава вечеря тази седмица.

📞 Резервации: 087 705 5070 📍 Плевен

"#Pleven #VintageRestaurant #WinterVibes #CozyDinner #FoodLover #Плевен #ЗимнаПриказка"",0,""12/04/2025 10:58"",https://www.instagram.com/p/DR2jkJ8AKT4/,""IG carousel"",,Lifetime,620,167,15,0,0,0,0"
"18083246495089916,17841463586376007,vintagerest.bg,""Vintage Restaurant"",""Обичаш Никулден, но мразиш миризмата на риба? 🤢🐟"

Не си само ти! Тази година забрави за люспите по плочките и проветряването на кухнята посред зима.

"Ние от @vintagerest.bg поемаме """"мръсната работа"""", а за теб остава само празнуването. 🥂"

Какво получаваш? ✅ Огромен пълнен шаран (до 3 кг!) – хрупкав и златист. ✅ Свежа зелена салата за компания. ✅ Никакво чистене и готвене.

💰 Цена на целия пакет: 60 лв.

⚠️ Важно: Приемаме поръчки за вкъщи само до 5-ти декември! Капацитетът се запълва бързо.

📞 Поръчай сега на: 087 705 5070 📍 Или запази маса на място в Плевен.

"#Pleven #RestaurantVintage #Никулден2024 #Плевен #FoodDelivery #Шаран #РибаБезЛюспи #Празник"",0,""12/03/2025 11:12"",https://www.instagram.com/p/DR0Ab06gLtF/,""IG carousel"",,Lifetime,523,136,7,0,0,0,0"
"18103082458665854,17841463586376007,vintagerest.bg,""Vintage Restaurant"",""Ние не правим компромиси. Във Vintage, Плевен, храната е религия. 🍴"

Всяко ястие е прясно, ръчно приготвено и с модерен български вкус. Забравете за замразеното, елате за истинското преживяване.
Тук се готви с търпение и страст.

Очакваме ви в центъра на Плевен!

📞 Резервирай: 087 705 5070
💻 Посети сайта: vintagerest.bg

"#VintageПлевен #БългарскаФюжън #СвежаХрана #Плевен #РесторантПлевен #QualityOverQuantity"",19,""12/02/2025 11:03"",https://www.instagram.com/reel/DRxakJdgJ9R/,""IG reel"",,Lifetime,1163,806,22,1,0,0,0"
"17848085178609753,17841463586376007,vintagerest.bg,""Vintage Restaurant"",""Където времето спира, а вкусът говори. 🕰️🍷 Винтидж не е просто име, а усещане – за елегантност, уют и храна, приготвена със сърце. Подарете си вечер, която ще помните."

"Резервирайте своята маса: 📞 087 705 5070 🌐 vintagerest.bg #VintageRestaurant #ГурмеХрана #Вечеря #Елегантност #плевен"",40,""12/01/2025 11:54"",https://www.instagram.com/reel/DRu7nq0AFl3/,""IG reel"",,Lifetime,1782,1273,42,5,0,0,0"
"17933626335121229,17841463586376007,vintagerest.bg,""Vintage Restaurant"",""Ти нормален ли си да чистиш риба в 21-ви век? 😂🐟 (Чуй какво казва видеото 🔊)"

Този Никулден избираме лесния начин, който всъщност е и по-вкусният! Вместо да мирише на кухня -> Мирише на празник. ✨

Ние от @restaurantvintage сме подготвили спасението: 🎣 Пълнен Шаран (огромен, до 3 кг!) 🥗 Свежа зелена салата 🔥 Изпечен и топъл до вратата

💸 Цена за целия пакет: 60 лв.

⏳ Deadline: Приемаме поръчки само до 5-ти декември! Не чакай последния момент (честа грешка).

📞 Запази своя на: 087 705 5070 📍 Плевен

"#Pleven #Плевен #Никулден #VintagePleven #FoodHumor #Шаран #ДоставкаХрана #Празник"",20,""11/30/2025 12:17"",https://www.instagram.com/reel/DRsZcTZgFlo/,""IG reel"",,Lifetime,986,543,25,0,1,0,0"
"18089802688766912,17841463586376007,vintagerest.bg,""Vintage Restaurant"",""Има кулинарни престъпления, които просто не се прощават! 😤🍷⛔️"

В @vintagerest.bg държим на качеството и вкуса толкова много, че понякога приемаме нещата... твърде лично. 😄

"Шегата настрана – елате да се насладите на перфектно приготвена храна, която няма нужда от """"подобрения"""". Обещаваме, че ще се погрижим за вас (без шамари)! 😉🍽️"

"👇 Запазете своята маса: 📍 гр. Плевен, ул. """"Ангел Кънчев"""" 25 📞 087 705 5070 🌐 vintagerest.bg"

"#VintagePleven #RestaurantPleven #FineDining #FoodEtiquette #FunnyReels #WineLovers #Плевен #Ресторант #Храна #Забавно"",0,""11/29/2025 10:24"",https://www.instagram.com/reel/DRpnul5gOj8/,""IG reel"",,Lifetime,1505,937,25,3,1,0,1"
"18095129371846040,17841463586376007,vintagerest.bg,""Vintage Restaurant"",""🥂 Плевен, готови ли сте за бляскаво посрещане на 2026?"

Тази Нова година сме подготвили за вас не просто вечеря, а истинско гурме преживяване и уютна атмосфера! Остават последни свободни места – не оставяйте празника за последния момент.

✨ Какво включва Вашият куверт (140 лв.):

👨‍🍳 ВАШИЯТ ИЗБОР ЗА ОСНОВНО: 🍗 Вариант 1: Печено пилешко с чедър и моцарела върху пюре от батат. 🥩 Вариант 2: Пълнена свинска поркета с трюфел, чоризо и ризото.

🥗 Включено още: • Свежа селска салата • Традиционна баница с късмети и питка • Италианско Тирамису • Сухо мезе и ядки • Ракия, Вода и Сок

🎼 Очаква ви празнична обстановка, вкусна храна и спазени традиции!

⏳ Местата се запълват бързо! Осигурете маса за вашето семейство или компания днес.

"👉 ЗА ДА ЗАПАЗИТЕ МЕСТА! 📍 Vintage Restaurant, гр. Плевен 📞 Телефон: 087 705 5070"",0,""11/28/2025 11:31"",https://www.instagram.com/p/DRnKntYANDS/,""IG image"",,Lifetime,1247,422,9,8,0,0,0"
"18120769075541357,17841463586376007,vintagerest.bg,""Vintage Restaurant"",""ИСТИНАТА В ОЧИТЕ"

Кога за последно яде нещо, което наистина нахрани душата ти? 💭 
"Ако не помниш, значи е време да дойдеш във Vintage. Тук готвим с внимание към всеки детайл, за да забравиш за """"бързото"""" и да прегърнеш """"истинското""""."

Поемаме отговорност: Всяка хапка е с доказана любов. ❤️

"➡️ **Кажи ни в коментар: Кое е твоето """"Soul Food"""" ястие?** Може да го видим в менюто скоро!"

📞 Резервирай: 087 705 5070
💻 Поръчай: vintagerest.bg

"#VintageПлевен #ХранаЗаДушата #EmotionalFood #Плевен #СвежаХрана #РесторантПлевен #ВремеЗаХранене"",13,""11/27/2025 10:29"",https://www.instagram.com/reel/DRkestfgCRy/,""IG reel"",,Lifetime,1301,840,25,1,0,1,0"
"17919994272217704,17841463586376007,vintagerest.bg,""Vintage Restaurant"",""Къде си тази вечер? 🌅"
Този звук и този цвят са единственото, което ти трябва, за да превърнеш обикновената сряда в събитие.

Във Vintage знаем как да го направим: С класа, с отношение и с най-свежите коктейли. Ела за vibe-а. 🍹
Наздраве! 🥂

📍 Vintage, Плевен
📞 Резервации: 087 705 5070
💻 Поръчай: vintagerest.bg

"#VintageПлевен #Cocktails #AperolSpritzBG #БарПлевен #ВечерВГрада #QualityVibes #Pleven"",8,""11/26/2025 10:11"",https://www.instagram.com/reel/DRh32augGub/,""IG reel"",,Lifetime,926,511,18,1,0,0,0"
"18088238356777794,17841463586376007,vintagerest.bg,""Vintage Restaurant"",""За всички, които прекарват 20 минути в гледане на менюто: 🙋‍♂️"
Понякога най-доброто решение е да се довериш на Chef's Choice.

Във Vintage поемаме контрола над вечерта ти, за да ти гарантираме, че всяка хапка ще бъде перфектна. ✨ Ние знаем какво ти трябва.
Просто се отпусни. Виното вече е налято.

📍 Vintage, Плевен
📞 Резервирай твоята маса: 087 705 5070
💻 Поръчай: vintagerest.bg

"#VintageПлевен #TrustTheChef #СредиземноморскаКухня #Плевен #РесторантПлевен #SlowFood #ЕлаДаЯдеш"",10,""11/25/2025 10:39"",https://www.instagram.com/reel/DRfWN0CgD1U/,""IG reel"",,Lifetime,929,538,10,1,0,0,0"
"18061162454220079,17841463586376007,vintagerest.bg,""Vintage Restaurant"",""POV: Когато си гладен и чуваш само каквото ти изнася... 🤤🥪 Майонеза, Миланезе – важното е да е топ! 😂"

Чакайте да чуете за луканката накрая 💀👇

@filipovwd @vintagerest.bg @sladkishcho 

"#fyp #bulgaria #pleven #barbercomedy #mayonnaise #funny #joke"",18,""11/24/2025 11:08"",https://www.instagram.com/reel/DRc0pRcAF2V/,""IG reel"",,Lifetime,7399,4112,140,28,1,2,5"
"18292487020275721,17841463586376007,vintagerest.bg,""Vintage Restaurant"",""Усили звука! 🎧 Този ритъм е саундтракът на истинската, прясно приготвена храна."

Чуй хрупкавостта, усети сочността. Ние не ползваме замразени продукти. Всяко звънване на чашата е покана за качество и елегантност. 🇮🇹

Защото твоят обяд или вечеря заслужава да бъде преживяване.

📞 Резервирай: 087 705 5070
💻 Поръчай директно: vintagerest.bg

"#VintageПлевен #СвежаХрана #БългарскаКухня #SlowFood #РесторантПлевен #Pleven #КачественаХрана"",8,""11/23/2025 12:31"",https://www.instagram.com/reel/DRaZgQNgPcH/,""IG reel"",,Lifetime,928,406,15,3,0,0,0"
"17993037440723607,17841402959766290,sladkischo,""Сладкишчо 🍰"",""Кой каза, че подстригване, паста и шоколад не вървят заедно? 🤔 Събрахме """"Светата троица"""" на Плевен на едно място и стана... абе, вижте сами. 👇"

Нямаме продукти, но имаме стил (и много смях). Кой от нас се справи най-добре с актьорската игра? Оценете в коментарите от 1 до 10! 🔥

💈 @filipovwd 🍝 @vintagerest.bg 🍫 @sladkischo

"#Pleven #DreamTeam #FilipovWD #VintageRest #Sladkischo #FunnyReels #PlevenVibe #BarbershopComedy"",0,""11/22/2025 10:16"",https://www.instagram.com/reel/DRXlOU2jKDD/,""IG reel"",,Lifetime,4552,,122,8,,4,0"
"17896437630202815,17841463586376007,vintagerest.bg,""Vintage Restaurant"",""Няма """"малки неща"""" при нас. Всичко трябва да е под конец, преди да стигне до вашата маса! 😎🍽️ Във Vintage не правим компромиси с чистотата... и с вкуса!"

Запазете своята (перфектно чиста) маса още сега: 📞 087 705 5070 📍 Vintage Restaurant

"#VintageRestBG #RestaurantLife #FunnyReels #FoodLover #Перфекционизъм #Ресторант #Вкусно #ЗадКулисите"",24,""11/21/2025 11:06"",https://www.instagram.com/reel/DRVGGyzgNxG/,""IG reel"",,Lifetime,3268,2285,53,1,3,2,0"
"18085086673826006,17841462094642814,filipovwd,""FilipovWD BarberShop"",""Добре дошли в Епизод 1 на """"Многото Вождове"""". Днес @FilipovWD се опитва да работи, докато колегите от @Сладкишчо и @Vintage дават своите """"професионални"""" кулинарни съвети."

"Търсим """"Medium Rare"""" фейд и структура на """"Бисквита"""". Някой да донесе глазурата! 😂"

👇 Въпрос към публиката: Кой съвет беше най-злe?

🔥 Това е само началото! Следвайте ни за Епизод 2!

"#FilipovWD #Sladkishcho #Vintage #Pleven #BarberLife #BarberComedy #PlevenSquad #Skit #Bulgaria #Фризьор #Плевен"",40,""11/20/2025 10:34"",https://www.instagram.com/reel/DRSdXdBDAy6/,""IG reel"",,Lifetime,5438,2768,141,36,4,10,0"
"18316337245168112,17841463586376007,vintagerest.bg,""Vintage Restaurant"",""""""Това място беше история..."""" Микровълнови. Замразени продукти. Меню от 90-те. Аз казах: Край на старата игра."

"След мен..."""" означава нови правила. """"След мен..."""" означава прясна храна, истински вкус и нула компромиси."

Вижте трансформацията. Елате и я вкусете. 📍 Vintage - Плевен Център

"#vintagerest #pleven #plevencentre #ресторантплевен #трансформация #пряснахранa #newmenu #nomorefrozen #старатаигра"",0,""11/17/2025 11:05"",https://www.instagram.com/reel/DRKy3ezgC0V/,""IG reel"",,Lifetime,1386,866,26,2,1,0,0"
"18049904375345207,17841463586376007,vintagerest.bg,""Vintage Restaurant"",""Това ли искаш? 🧊 Или искаш ТОВА? 🔥"

"Изборът между """"нещо от фризера"""" и истинска, прясно приготвена храна е ясен."

Във Vintage не правим компромиси с качеството. Никога. Ние го правим правилно. 👑

Поръчай твоя вкус без компромиси още сега: 
👉 vintagerest.bg 📍 Плевен, център

"#VintagePleven #Pleven #Vintagerest #FreshFood #NoFrozenFood #ИстинскаХрана #Ресторант #Плевен #КачествоБезКомпромис"",0,""11/16/2025 11:21"",https://www.instagram.com/reel/DRIP4xygGJv/,""IG reel"",,Lifetime,1827,1161,30,2,2,0,0"
"17964415742988951,17841463586376007,vintagerest.bg,""Vintage Restaurant"",""Винаги се стремим да надминем очакванията... 😇"

Понякога „по-мило“ просто означава *повече*! 😂 Шегата настрана, във Vintage вярваме, че доброто обслужване и страхотното настроение вървят ръка за ръка.

Заповядайте да се посмеем заедно (и да хапнем, разбира се!) 🤍

Vintagerest.bg

"#vintagerestbg #vintage #ресторант #смях #хумор #обслужване #екип #забавно #българия #sofia #reels #funnyreels #service #goodvibesonly"",14,""11/09/2025 10:14"",https://www.instagram.com/reel/DQ2Grm4gHMe/,""IG reel"",,Lifetime,1048,565,14,2,0,0,1"
"17928743577012494,17841463586376007,vintagerest.bg,""Vintage Restaurant"",""Имаме да ви кажем нещо. 🗣"

"Ние НЕ сме """"fast food"""". Ние сме """"good food""""."

При нас всичко се прави на момента, с пресни продукти. 🚫 Без замразени храни.

Ако търсиш бърза хапка, има си места за това. Ако търсиш истинско качество – знаеш къде да ни намериш.

Защото ние вярваме, че качеството изисква време. 😉

"#качествотоизисква време #vintage #ресторант #пряснахрана #истинскахрана #незамразено #nothingfrozen #madefresh #goodfood #qualityoverquantity #burger #burgertime #pleven #ресторантплевен #храна"",8,""11/08/2025 10:05"",https://www.instagram.com/reel/DQzg4RkAFf-/,""IG reel"",,Lifetime,1383,794,27,1,3,1,0"
"18049732046361262,17841463586376007,vintagerest.bg,""Vintage Restaurant"",""Когато братята от @FilipovWD се съберат, изборът е ясен! 💯"

За перфектна атмосфера и храна, на която не можеш да устоиш – @vintagerest.bg

Братята избраха Винтидж, а ти?

Поръчай сега на ➡️ vintagerest.bg

"#FilipovWD #VintageRest #БратятаИзбрахаВинтидж #ПоръчайСега #vintagerestbg #колаборация #ресторант #храна #качество #vintage."",19,""11/07/2025 10:18"",https://www.instagram.com/reel/DQw81iKgLzr/,""IG reel"",,Lifetime,3829,2001,69,8,1,1,1"
"18066359204605246,17841463586376007,vintagerest.bg,""Vintage Restaurant"",""Нашият шеф пак направи """"огромна грешка""""... 😅"

"Сготви твърде много и сега имаме нужда от вашата помощ! Ще ни помогнете ли да се справим с този вкусен """"проблем""""? 😉"

Елате гладни. 🍽
Резервирайте своята маса на vintagerest.bg
.
.
.
"#vintagerest #vintagerestbg #огромнагрешка #някойгладен #помогнетенаединшеф #проблемитенаединшеф #шеф #ресторант #софия #sofiafood #sofiarestaurant #bookatable"",0,""11/06/2025 10:37"",https://www.instagram.com/reel/DQua47rAO1J/,""IG reel"",,Lifetime,1487,829,16,2,1,1,0"
"18077537563906089,17841463586376007,vintagerest.bg,""Vintage Restaurant"",""Той пази рецептата по-добре от държавна тайна. 🧑‍🍳"
И накрая... винаги е било това. ❤️

.
.
.

"#pov #шеф #тайнасъставка #обич #ресторант #смях #забавно #българия #chef #secretingredient #love #balkan #chefslife #funnyreels"",0,""11/05/2025 10:24"",https://www.instagram.com/reel/DQr0pw8AOEC/,""IG reel"",,Lifetime,4324,3010,47,3,3,2,1"
"18180065950346150,17841463586376007,vintagerest.bg,""Vintage Restaurant"",""Положението в кухнята е... напечено. 😅"

"Когато шефът го мързи, ама доставчикът """"Комо"""" го мързи ОЩЕ ПОВЕЧЕ! (Звукът 🔊)"

"Таг-ни твоя """"Комо"""" приятел, който днес няма да си мръдне пръста. 👇"

"А ако и ти си в """"Комо"""" настроение, не се мъчи! Разбираме те напълно. Ние ще ти донесем храната. 😴➡️🍔"

Поръчай бързо и лесно от ✨ ЛИНКА В БИО-ТО! ✨

"#vintagerest #vintagebulgaria #доставка #доставканахрана #мързел #офисхумор #ресторант #храна #fooddelivery #bulgaria #смях #комично #поръчайсега #бързадоставка"",15,""11/04/2025 09:42"",https://www.instagram.com/reel/DQpLFF_ANf1/,""IG reel"",,Lifetime,2890,1799,47,10,2,2,1"
"18418177246113934,17841463586376007,vintagerest.bg,""Vintage Restaurant"",""🍽 Искаш ли перфектно приготвени ястия? Поръчай сега от vintagerest.bg с безплатна доставка в Плевен! 📞 0877055070"
"#яйцарезачка #кухненскигаджети #vintagerest #fooddelivery #плевен #безплатнадоставка"",0,""11/03/2025 10:10"",https://www.instagram.com/reel/DQmpesxgBBe/,""IG reel"",,Lifetime,1474,932,17,2,0,0,0"
"18094015957875930,17841463586376007,vintagerest.bg,""Vintage Restaurant"",""Винтидж моменти, доставени при теб 🍔✨"

vintagerest.bg
📞 0877055070
🚗 Безплатна доставка в Плевен

"#плевен #vintagerestaurant #безплатнадоставка #бургер #fooddelivery #ресторант"",14,""11/02/2025 10:03"",https://www.instagram.com/reel/DQkD0AEAKOu/,""IG reel"",,Lifetime,5163,4097,50,10,2,1,0"
"18376049539149398,17841463586376007,vintagerest.bg,""Vintage Restaurant"",""Гладен? Решението е тук 🍔🔥"

vintagerest.bg
📞 +359 87 705 5070
🚗 Безплатна доставка в Плевен

"#плевен #бургер #vintagerestaurant #безплатнадоставка #fooddelivery"",9,""11/01/2025 11:04"",https://www.instagram.com/reel/DQhfL4FDRz1/,""IG reel"",,Lifetime,2984,2149,52,16,0,0,1"
",,,,,,,,,""An error occurred while computing metadata for content with ID 17970435071805603."",Lifetime,6727,3450,95,44,4,5,6"
"18090850624883946,17841463586376007,vintagerest.bg,""Vintage Restaurant"",""Нашите обедни специалитети. Заповядайте в ресторант Vintage и усетете вкусът на качеството. "
Очакваме ви на адрес: гр. Плевен ул.Ангел Кънчев 25 
"Безплатна доставка до дома или работното място на телефон: 0️⃣8️⃣7️⃣7️⃣0️⃣5️⃣5️⃣0️⃣7️⃣0️⃣"",0,""10/31/2025 02:50"",https://www.instagram.com/p/DQeB4hDDcVN/,""IG carousel"",,Lifetime,834,143,12,0,0,0,0"
